{
  "accuracy": 0.6321070234113713,
  "macro_f1": 0.6307241768407509,
  "per_class_f1": {
    "negative": 0.710261569416499,
    "neutral": 0.48975409836065575,
    "positive": 0.692156862745098
  },
  "per_class_precision": {
    "negative": 0.7131313131313132,
    "neutral": 0.46588693957115007,
    "positive": 0.7248459958932238
  },
  "per_class_recall": {
    "negative": 0.7074148296593187,
    "neutral": 0.5161987041036717,
    "positive": 0.6622889305816135
  }
}